101,Leena,Spurrett,lspurrett0@webs.com,2025-11-16 14:08:00
102,Rozalin,Bennedsen,rbennedsen1@canalblog.com,2025-05-20 01:10:23
103,Sascha,Kender,skender2@goo.ne.jp,2025-09-29 02:20:53
104,Berenice,Paxeford,bpaxeford3@scribd.com,2025-05-23 09:43:43
105,Raynor,Littefair,rlittefair4@ask.com,2025-12-14 14:32:34
106,Georgina,Assel,gassel5@delicious.com,2025-11-13 17:02:27
107,Tye,Pietri,tpietri6@unc.edu,2025-12-13 08:30:00
108,Hilliard,Westphalen,hwestphalen7@aboutads.info,2025-06-12 04:56:07
109,Peri,Simpole,psimpole8@edublogs.org,2025-08-17 18:16:34
110,Diego,Giovanizio,dgiovanizio9@acquirethisname.com,2025-06-20 23:26:12
111,Angel,Monro,amonroa@scientificamerican.com,2025-12-26 19:59:09
112,Ebba,Stearley,estearleyb@bing.com,2025-05-22 06:42:22
113,Ashley,Tomczak,atomczakc@fotki.com,2026-03-07 04:02:14
114,Major,Shitliffe,mshitliffed@myspace.com,2025-03-31 07:24:44
115,Magdalena,Crossthwaite,mcrossthwaitee@virginia.edu,2025-11-28 00:28:06
116,Blayne,Bower,bbowerf@ebay.co.uk,2025-07-20 14:04:56
117,Chicky,Indruch,cindruchg@mit.edu,2025-10-10 05:40:34
118,Aloysia,Savege,asavegeh@jimdo.com,2025-04-07 01:46:32
119,Vida,Foynes,vfoynesi@hugedomains.com,2026-03-13 15:36:21
120,Marlane,Alejandre,malejandrej@360.cn,2026-01-18 19:40:03
121,Gerianna,Standley,gstandleyk@house.gov,2025-04-27 23:38:01
122,Chiquita,Upsale,cupsalel@over-blog.com,2026-03-02 21:17:53
123,Margaux,Lamboll,mlambollm@princeton.edu,2025-04-06 16:22:10
124,Isak,Tabart,itabartn@google.ca,2025-11-10 06:18:22
125,Solly,Fairbank,sfairbanko@unblog.fr,2025-07-16 13:24:22
126,Andra,Wigfield,awigfieldp@utexas.edu,2025-07-02 18:08:20
127,Connie,Toffel,ctoffelq@google.ru,2026-02-20 07:40:03
128,Nefen,Cearley,ncearleyr@blogger.com,2025-04-21 13:28:11
129,Natasha,Mariolle,nmariolles@histats.com,2025-11-25 23:11:51
130,Milty,Drewett,mdrewettt@hatena.ne.jp,2025-04-10 06:42:57
131,Rachel,Beautyman,rbeautymanu@berkeley.edu,2025-05-20 20:11:33
132,Dilly,Smuth,dsmuthv@phpbb.com,2025-04-30 04:09:03
133,Grace,Winterson,gwintersonw@noaa.gov,2025-09-25 11:29:33
134,Hayley,Blondell,hblondellx@issuu.com,2025-08-15 21:28:03
135,Karleen,Casey,kcaseyy@dailymail.co.uk,2025-04-16 13:32:37
136,Livvie,Gantzer,lgantzerz@spotify.com,2025-08-17 01:39:26
137,Bethena,Rutherforth,brutherforth10@answers.com,2025-06-14 00:20:51
138,Harrison,Hugle,hhugle11@europa.eu,2026-01-04 13:21:24
139,Sophie,Akerman,sakerman12@meetup.com,2025-11-03 14:13:35
140,Chrotoem,Klemensiewicz,cklemensiewicz13@seattletimes.com,2026-03-07 06:52:10
141,Noelle,Garretson,ngarretson14@techcrunch.com,2025-03-20 16:37:00
142,Rriocard,Wendover,rwendover15@wp.com,2025-07-05 00:48:08
143,Carrie,McTurlough,cmcturlough16@adobe.com,2025-09-22 09:39:51
144,Johannah,Krolle,jkrolle17@ca.gov,2026-01-06 08:47:15
145,Kale,Manis,kmanis18@wikispaces.com,2025-07-27 20:01:22
146,Valli,Master,vmaster19@aol.com,2025-07-06 17:55:55
147,Wyatan,O'Lochan,wolochan1a@zimbio.com,2025-10-27 12:29:19
148,Gothart,Trice,gtrice1b@un.org,2025-12-02 06:14:17
149,Alie,Bawme,abawme1c@wsj.com,2025-10-19 11:44:44
150,Estrella,Mowsdell,emowsdell1d@goo.ne.jp,2025-08-11 18:37:28
151,Pearl,Klouz,pklouz1e@sina.com.cn,2025-07-22 15:21:32
152,Tony,Aleshkov,taleshkov1f@shinystat.com,2025-07-12 04:18:32
153,Sue,Hatchette,shatchette1g@redcross.org,2025-09-01 21:35:51
154,Zolly,Grishelyov,zgrishelyov1h@free.fr,2025-10-21 07:57:13
155,Hedi,Llywarch,hllywarch1i@liveinternet.ru,2025-10-23 00:00:50
156,Angil,Rey,arey1j@addthis.com,2026-01-13 15:21:45
157,Cass,Gulleford,cgulleford1k@redcross.org,2025-06-03 16:03:30
158,Brooks,Adamowicz,badamowicz1l@reverbnation.com,2026-01-31 05:20:10
159,Jodie,Langland,jlangland1m@google.ca,2025-11-06 06:49:44
160,Chance,Byron,cbyron1n@surveymonkey.com,2025-10-08 01:20:00
161,Derrek,Segrave,dsegrave1o@google.co.jp,2026-01-21 17:52:12
162,Garrek,Rosenfelder,grosenfelder1p@tamu.edu,2026-01-13 09:56:44
163,Bethany,Studdal,bstuddal1q@so-net.ne.jp,2025-05-06 08:13:48
164,Evelina,Descroix,edescroix1r@prlog.org,2025-06-05 21:18:37
165,Vivianne,Spenton,vspenton1s@typepad.com,2025-07-04 03:52:30
166,Kaleena,Friedank,kfriedank1t@webs.com,2025-10-20 16:31:57
167,Elinore,Capstack,ecapstack1u@discovery.com,2025-05-02 06:32:03
168,Fayette,Mines,fmines1v@utexas.edu,2025-08-24 12:21:50
169,Reba,Todarello,rtodarello1w@stanford.edu,2026-03-07 10:51:04
170,Parrnell,Twelftree,ptwelftree1x@va.gov,2026-02-02 05:53:41
171,Kerr,Normaville,knormaville1y@tinypic.com,2026-03-04 03:39:30
172,Amanda,Strowlger,astrowlger1z@t.co,2025-05-02 02:16:34
173,Elizabeth,Peeters,epeeters20@smh.com.au,2025-03-28 11:06:40
174,Karlan,McMahon,kmcmahon21@vistaprint.com,2025-04-23 15:22:08
175,Gilbertine,Mc Caughen,gmccaughen22@flavors.me,2025-08-18 13:59:19
176,Ignatius,Burgin,iburgin23@ocn.ne.jp,2025-09-07 22:54:44
177,Dora,Cowser,dcowser24@jimdo.com,2025-07-29 02:34:49
178,Kristofor,Skellon,kskellon25@zdnet.com,2025-06-27 18:23:47
179,Ferris,Jaye,fjaye26@netlog.com,2025-11-15 10:59:57
180,Donnamarie,Peery,dpeery27@1und1.de,2025-05-09 18:01:27
181,Skelly,Peppard,speppard28@is.gd,2025-03-24 20:21:22
182,Wilt,Mizen,wmizen29@hatena.ne.jp,2025-12-01 12:16:19
183,Lynnelle,Yanyushkin,lyanyushkin2a@slideshare.net,2026-03-13 03:05:46
184,Ham,Bowsher,hbowsher2b@baidu.com,2026-01-09 13:03:30
185,Katharina,Elverstone,kelverstone2c@slate.com,2025-06-20 19:51:45
186,Hetty,Lalonde,hlalonde2d@samsung.com,2025-07-09 15:49:52
187,Calv,Leal,cleal2e@wix.com,2025-08-04 08:18:58
188,Whitney,Aiston,waiston2f@hibu.com,2025-07-30 08:38:14
189,John,Dorot,jdorot2g@homestead.com,2025-06-01 13:05:08
190,Rora,Karolowski,rkarolowski2h@so-net.ne.jp,2025-10-12 22:54:25
191,Jean,Sherrum,jsherrum2i@msn.com,2025-10-15 23:37:34
192,Consalve,Clothier,cclothier2j@paypal.com,2025-10-27 04:45:50
193,Lucilia,Pull,lpull2k@telegraph.co.uk,2025-12-20 08:34:43
194,Maryanna,Stephen,mstephen2l@digg.com,2025-11-23 05:34:57
195,Blithe,Kaygill,bkaygill2m@latimes.com,2026-01-11 20:54:54
196,Bank,Pods,bpods2n@weibo.com,2025-04-15 18:02:57
197,Garrick,Kettlesting,gkettlesting2o@is.gd,2025-04-29 21:47:27
198,Isabelita,Wardall,iwardall2p@hatena.ne.jp,2025-10-21 01:29:27
199,Ginny,Backhouse,gbackhouse2q@cnn.com,2025-05-18 20:34:02
200,Torin,Hamstead,thamstead2r@liveinternet.ru,2025-06-22 08:18:27
201,Raff,Rosewell,rrosewell2s@hostgator.com,2025-10-11 11:49:27
202,Irwinn,Balducci,ibalducci2t@foxnews.com,2025-07-25 16:29:07
203,Fionnula,Pedley,fpedley2u@mail.ru,2025-12-24 10:30:20
204,Grete,Shane,gshane2v@google.co.uk,2025-09-07 00:41:06
205,Arlyn,Denisyuk,adenisyuk2w@shinystat.com,2025-08-26 18:34:02
206,Ravid,Hazel,rhazel2x@dot.gov,2026-02-26 09:12:09
207,Murial,Tarbett,mtarbett2y@nsw.gov.au,2025-06-04 07:51:35
208,Jerad,Pym,jpym2z@slideshare.net,2025-04-30 21:21:12
209,Wenona,Garrold,wgarrold30@cnbc.com,2025-12-12 20:05:03
210,Karlyn,Parfitt,kparfitt31@blogtalkradio.com,2025-08-05 17:07:25
211,Lew,Cordeau,lcordeau32@usgs.gov,2026-02-26 20:23:42
212,Fulton,Gossan,fgossan33@ebay.com,2025-09-27 13:08:54
213,Allegra,Reddihough,areddihough34@google.nl,2025-10-31 02:41:06
214,Rutter,Sibbson,rsibbson35@list-manage.com,2025-07-12 22:15:04
215,Merill,Dufton,mdufton36@mac.com,2025-11-19 00:36:44
216,Spence,Essame,sessame37@simplemachines.org,2025-07-15 17:15:53
217,Silvanus,Bignall,sbignall38@ox.ac.uk,2025-12-12 12:30:19
218,Holden,Hallows,hhallows39@ameblo.jp,2025-07-24 16:01:35
219,Locke,Haquard,lhaquard3a@home.pl,2026-03-12 14:52:40
220,Vernice,Cabral,vcabral3b@nba.com,2025-12-08 02:35:10
221,Andree,Crennell,acrennell3c@engadget.com,2025-09-06 18:50:30
222,Elyn,Flay,eflay3d@redcross.org,2025-11-14 12:34:05
223,Meris,Clemenza,mclemenza3e@woothemes.com,2026-02-19 20:20:10
224,Randie,Humphrey,rhumphrey3f@odnoklassniki.ru,2025-06-17 10:24:48
225,Meryl,Docker,mdocker3g@sogou.com,2025-08-10 20:29:14
226,Freemon,Critch,fcritch3h@examiner.com,2026-01-01 07:23:14
227,Nari,Wollrauch,nwollrauch3i@webeden.co.uk,2025-12-23 23:46:31
228,Annmaria,Cinnamond,acinnamond3j@go.com,2025-09-24 21:08:35
229,Gonzalo,Bortolutti,gbortolutti3k@slideshare.net,2025-06-26 17:56:12
230,Alphonso,Lathleiff,alathleiff3l@bloglines.com,2025-09-04 16:23:05
231,Lori,Featherstonhaugh,lfeatherstonhaugh3m@ebay.com,2025-05-09 02:36:33
232,Conn,Castelin,ccastelin3n@hostgator.com,2026-02-10 06:45:16
233,Haroun,Mound,hmound3o@home.pl,2025-05-23 06:54:02
234,Aristotle,Grason,agrason3p@netlog.com,2025-10-17 21:24:32
235,Florina,McIllrick,fmcillrick3q@theatlantic.com,2025-06-02 09:24:55
236,Carmelle,Dreghorn,cdreghorn3r@businesswire.com,2026-01-30 21:32:22
237,Edgardo,Selland,eselland3s@naver.com,2025-10-21 18:25:35
238,Boniface,Chisman,bchisman3t@cocolog-nifty.com,2025-05-22 03:37:35
239,Bobbee,Castagnone,bcastagnone3u@nifty.com,2025-06-04 19:49:31
240,Egan,Bitterton,ebitterton3v@shop-pro.jp,2025-09-15 19:27:36
241,Law,Bleazard,lbleazard3w@usnews.com,2025-06-14 07:34:12
242,Dominica,Syvret,dsyvret3x@vk.com,2025-10-02 18:47:19
243,Doralynne,Buckle,dbuckle3y@redcross.org,2025-06-04 16:09:42
244,Zilvia,Whorlton,zwhorlton3z@ebay.co.uk,2026-02-07 14:56:04
245,Janice,Olenchenko,jolenchenko40@hostgator.com,2026-03-07 12:59:12
246,Travis,Yeoland,tyeoland41@ehow.com,2025-04-27 12:56:03
247,Edlin,Bloss,ebloss42@over-blog.com,2025-10-04 19:15:29
248,Melinda,Vaudin,mvaudin43@dell.com,2026-02-23 11:00:36
249,Horatia,Whistlecraft,hwhistlecraft44@de.vu,2025-07-05 06:41:56
250,Kinnie,Feaveryear,kfeaveryear45@umn.edu,2025-07-02 14:04:29
251,Renaldo,Testo,rtesto46@who.int,2025-04-14 20:52:56
252,Dar,Treweke,dtreweke47@purevolume.com,2026-02-22 10:24:38
253,Jennica,Hellyar,jhellyar48@spotify.com,2026-01-09 23:14:16
254,Tiffanie,Hynam,thynam49@elegantthemes.com,2025-08-10 18:25:22
255,Elnora,Greatbanks,egreatbanks4a@spiegel.de,2025-08-23 22:27:44
256,Verney,Lax,vlax4b@barnesandnoble.com,2025-07-06 12:45:33
257,Rouvin,Josefsson,rjosefsson4c@yellowbook.com,2025-09-14 07:58:55
258,Rafaela,Perris,rperris4d@wikipedia.org,2026-02-03 05:35:32
259,Dena,Utterson,dutterson4e@drupal.org,2026-02-10 03:57:23
260,Jeana,Finneran,jfinneran4f@sogou.com,2025-07-21 05:13:09
261,Jacinta,Attenbrough,jattenbrough4g@amazon.com,2025-09-29 17:22:21
262,Suzanne,Deare,sdeare4h@geocities.jp,2025-12-26 13:48:17
263,Deanne,Keilloh,dkeilloh4i@nytimes.com,2025-10-27 01:01:27
264,Coriss,Carpenter,ccarpenter4j@nasa.gov,2025-05-31 04:35:05
265,Bartholemy,Chape,bchape4k@amazon.co.jp,2025-10-10 08:54:43
266,Joanna,Parrish,jparrish4l@jimdo.com,2025-09-14 22:44:44
267,Neron,Hradsky,nhradsky4m@diigo.com,2026-02-06 04:22:03
268,Von,Lindsay,vlindsay4n@youku.com,2025-11-12 20:29:42
269,Charo,Schultheiss,cschultheiss4o@ycombinator.com,2025-07-23 04:00:51
270,Syd,Baline,sbaline4p@netscape.com,2025-07-07 03:47:17
271,Ham,Merchant,hmerchant4q@squidoo.com,2025-12-08 02:14:46
272,Meriel,MacTrustie,mmactrustie4r@samsung.com,2025-06-02 05:15:08
273,Gleda,Wolpert,gwolpert4s@skyrock.com,2026-02-19 16:22:20
274,Patrice,Ertel,pertel4t@nbcnews.com,2025-07-25 22:26:29
275,Lenee,Eveling,leveling4u@ibm.com,2025-05-19 08:30:41
276,Ebenezer,Garnsworth,egarnsworth4v@biglobe.ne.jp,2025-09-15 20:05:22
277,Sigismund,Cubbon,scubbon4w@blogger.com,2025-08-08 03:33:34
278,Idaline,Acton,iacton4x@blogspot.com,2025-05-25 22:51:50
279,Gaby,Brasier,gbrasier4y@g.co,2026-01-02 05:02:37
280,Viole,Boddice,vboddice4z@paginegialle.it,2025-05-06 19:57:17
281,Fawn,Gridley,fgridley50@apache.org,2025-09-08 04:21:39
282,Valerye,Cato,vcato51@ft.com,2026-01-26 02:29:31
283,Geordie,Markovic,gmarkovic52@instagram.com,2025-11-01 00:09:13
284,Mendie,Itzcovichch,mitzcovichch53@jalbum.net,2026-02-12 09:54:24
285,Petey,Horsley,phorsley54@constantcontact.com,2025-11-21 10:04:07
286,Jermain,Scholey,jscholey55@wikimedia.org,2025-08-16 19:44:02
287,Fredrick,Kubera,fkubera56@goodreads.com,2026-02-17 00:47:28
288,Murvyn,Blackmoor,mblackmoor57@google.com.au,2025-07-26 14:46:01
289,Clint,Rabbatts,crabbatts58@admin.ch,2025-04-10 02:31:37
290,Emelia,Osgar,eosgar59@npr.org,2025-06-23 15:42:16
291,Lorry,Ricardou,lricardou5a@netscape.com,2025-10-15 14:29:10
292,Klaus,Gamett,kgamett5b@nytimes.com,2025-03-28 21:06:38
293,Isac,Yakovitch,iyakovitch5c@amazon.de,2025-11-14 13:33:10
294,Basilio,Venney,bvenney5d@businessinsider.com,2026-02-20 00:23:00
295,Clareta,McTavish,cmctavish5e@csmonitor.com,2025-09-25 14:07:29
296,Genvieve,Connerry,gconnerry5f@discuz.net,2025-10-13 15:27:46
297,Matelda,Osgar,mosgar5g@flickr.com,2025-10-29 18:38:01
298,Gabi,Pepler,gpepler5h@prlog.org,2025-11-27 11:29:04
299,Biddy,Bulger,bbulger5i@wiley.com,2025-09-08 19:02:24
300,Allison,Larby,alarby5j@sciencedaily.com,2025-08-18 17:59:01
301,Babbette,Ameer-Beg,bameerbeg5k@who.int,2025-11-04 21:51:00
302,Bea,Maher,bmaher5l@macromedia.com,2025-10-19 14:20:36
303,Osmond,Sevitt,osevitt5m@unblog.fr,2025-06-12 09:34:58
304,Jeromy,Samuels,jsamuels5n@ebay.com,2025-12-02 18:10:04
305,Stephen,Queree,squeree5o@va.gov,2026-01-29 09:16:22
306,Christyna,Trimme,ctrimme5p@nih.gov,2026-03-02 10:33:14
307,Ernestine,Rousell,erousell5q@goodreads.com,2025-10-07 22:09:59
308,Gabriello,Ramos,gramos5r@ihg.com,2025-08-31 01:55:13
309,Cordey,Krienke,ckrienke5s@mapquest.com,2026-02-19 05:14:11
310,Alexandr,Schaffler,aschaffler5t@yandex.ru,2025-12-03 04:29:50
311,Isidoro,Pimblett,ipimblett5u@adobe.com,2025-07-29 11:57:57
312,Nevins,Halgarth,nhalgarth5v@rediff.com,2025-12-29 08:00:42
313,Yolande,Keyse,ykeyse5w@linkedin.com,2025-11-29 01:02:31
314,Douglass,Lapish,dlapish5x@cbc.ca,2025-11-05 22:31:23
315,Loise,Daykin,ldaykin5y@deliciousdays.com,2026-01-22 04:11:13
316,Shaughn,Brasseur,sbrasseur5z@webmd.com,2025-06-09 04:52:17
317,Stephi,Maffucci,smaffucci60@cloudflare.com,2025-04-01 04:33:03
318,Rosemarie,Tomicki,rtomicki61@clickbank.net,2026-03-07 02:45:07
319,Dunc,Pimlott,dpimlott62@businessinsider.com,2025-11-02 12:41:15
320,Agnese,Handling,ahandling63@freewebs.com,2026-02-22 17:14:49
321,Melinde,Oldall,moldall64@altervista.org,2025-07-24 00:28:21
322,Clerc,Rosie,crosie65@toplist.cz,2025-12-21 17:32:50
323,Bernete,Columbell,bcolumbell66@github.com,2025-05-01 08:36:40
324,Pooh,Traylen,ptraylen67@zdnet.com,2026-03-10 06:27:24
325,Margy,Iddons,middons68@shinystat.com,2025-05-02 23:25:16
326,Modesty,Able,mable69@hibu.com,2025-12-29 13:21:23
327,Gradeigh,Joddins,gjoddins6a@bizjournals.com,2026-02-17 18:25:30
328,Kata,Camillo,kcamillo6b@ucsd.edu,2025-07-01 01:33:26
329,Bartholomeo,Jerg,bjerg6c@sina.com.cn,2026-01-02 06:38:55
330,Tobey,Giannazzo,tgiannazzo6d@sphinn.com,2025-10-07 16:15:51
331,Audie,Martina,amartina6e@nyu.edu,2025-08-27 17:25:48
332,Carroll,Reidshaw,creidshaw6f@angelfire.com,2025-05-21 23:20:19
333,Marne,Fergie,mfergie6g@businesswire.com,2025-08-11 09:21:40
334,Roderigo,Losselyong,rlosselyong6h@facebook.com,2025-08-31 07:16:45
335,Ellary,Pachmann,epachmann6i@admin.ch,2026-01-27 06:29:33
336,Madalyn,Towriss,mtowriss6j@dot.gov,2026-03-12 01:55:38
337,Erina,Eldrid,eeldrid6k@eventbrite.com,2025-12-30 12:09:43
338,Lonna,Paulot,lpaulot6l@ucoz.com,2025-06-29 07:56:23
339,Gipsy,Skryne,gskryne6m@shareasale.com,2025-07-12 11:22:13
340,Stella,Tunney,stunney6n@studiopress.com,2025-09-24 17:46:37
341,Emlyn,Lummis,elummis6o@vistaprint.com,2025-10-08 21:18:23
342,Clemmie,Izakson,cizakson6p@yandex.ru,2025-09-25 07:58:16
343,Adelheid,Gammage,agammage6q@addtoany.com,2025-05-19 23:25:29
344,Sileas,Whitney,swhitney6r@wufoo.com,2025-07-11 09:08:50
345,Ugo,Tuplin,utuplin6s@fc2.com,2025-09-03 06:57:17
346,Agnes,Reffe,areffe6t@apache.org,2025-10-08 12:25:35
347,Marci,Bains,mbains6u@netvibes.com,2025-04-28 18:35:19
348,Rasia,Dickerson,rdickerson6v@123-reg.co.uk,2026-03-11 08:19:40
349,Conway,Muddle,cmuddle6w@furl.net,2025-07-27 14:58:05
350,Ketti,Brooking,kbrooking6x@biblegateway.com,2025-11-18 13:05:20
351,Randal,McGuire,rmcguire6y@godaddy.com,2025-08-03 21:22:28
352,Whitaker,Wessel,wwessel6z@zdnet.com,2025-08-12 00:51:39
353,Neely,Selliman,nselliman70@hhs.gov,2025-06-16 16:07:47
354,Samara,Courtney,scourtney71@alibaba.com,2025-06-27 19:14:54
355,Robbyn,Anscombe,ranscombe72@networkadvertising.org,2025-09-08 13:17:58
356,Kristin,Kleinschmidt,kkleinschmidt73@patch.com,2025-12-19 03:16:33
357,Ethelyn,Yockney,eyockney74@wiley.com,2025-11-28 21:51:08
358,Karl,Arnason,karnason75@livejournal.com,2025-03-27 09:25:24
359,Sollie,West,swest76@cpanel.net,2025-11-23 04:52:48
360,Hyacintha,Crepel,hcrepel77@edublogs.org,2025-04-01 08:28:36
361,Angie,Darlow,adarlow78@squidoo.com,2025-06-01 23:09:20
362,Umberto,Aksell,uaksell79@admin.ch,2025-11-24 10:37:38
363,Kippy,Stapells,kstapells7a@stanford.edu,2025-09-18 03:45:45
364,Gard,Fehely,gfehely7b@businesswire.com,2025-12-01 09:22:14
365,Wiley,Tomkys,wtomkys7c@bandcamp.com,2025-04-18 02:07:08
366,Latia,Pascow,lpascow7d@biblegateway.com,2025-04-01 09:39:30
367,Camel,Trousdell,ctrousdell7e@csmonitor.com,2025-11-17 23:52:06
368,Lanny,Daftor,ldaftor7f@google.ru,2025-06-03 09:13:58
369,Abby,Loughton,aloughton7g@livejournal.com,2025-04-02 19:54:56
370,Rudy,Tollerton,rtollerton7h@jalbum.net,2026-01-12 05:14:06
371,Virginia,Roskell,vroskell7i@shareasale.com,2025-08-04 03:41:43
372,Gilles,Blint,gblint7j@nba.com,2025-05-27 07:38:58
373,Etta,Hartfield,ehartfield7k@flavors.me,2025-05-18 22:50:37
374,Tomkin,Gentiry,tgentiry7l@dropbox.com,2025-07-23 13:44:59
375,Harmonia,Kershow,hkershow7m@sfgate.com,2025-05-12 22:32:50
376,Paulette,Kingh,pkingh7n@china.com.cn,2025-09-03 19:35:04
377,Dennis,McDarmid,dmcdarmid7o@pinterest.com,2025-11-26 01:40:48
378,Geneva,Blunderfield,gblunderfield7p@seesaa.net,2025-07-12 16:08:39
379,Janeen,MacGinney,jmacginney7q@shutterfly.com,2025-05-10 13:22:58
380,Beverley,Tuison,btuison7r@walmart.com,2025-10-09 05:29:51
381,Gerladina,MacFadyen,gmacfadyen7s@trellian.com,2025-05-07 12:11:36
382,Kendell,Worpole,kworpole7t@nationalgeographic.com,2025-05-23 21:38:53
383,Aubert,Saltsberger,asaltsberger7u@wired.com,2025-10-19 19:06:06
384,Danila,Coopman,dcoopman7v@cam.ac.uk,2025-11-29 18:14:17
385,Clary,Stigers,cstigers7w@wordpress.com,2025-07-18 02:17:50
386,Travers,Goldster,tgoldster7x@qq.com,2026-03-13 23:16:05
387,Lonnard,Carayol,lcarayol7y@utexas.edu,2025-11-04 00:28:07
388,Maisie,Cudiff,mcudiff7z@github.com,2025-04-18 01:06:59
389,Ade,Wauchope,awauchope80@com.com,2025-07-08 09:38:19
390,Goldarina,Mapham,gmapham81@google.co.jp,2025-10-20 04:56:36
391,Leoine,Cornew,lcornew82@dedecms.com,2025-12-26 01:00:33
392,Cassandre,Ponte,cponte83@xrea.com,2025-06-24 13:11:23
393,Paten,Isbell,pisbell84@nsw.gov.au,2025-09-11 14:10:06
394,Randie,Bortolini,rbortolini85@paypal.com,2026-03-03 22:54:09
395,Janis,Gyde,jgyde86@nytimes.com,2025-06-10 18:10:44
396,Ammamaria,Ewin,aewin87@godaddy.com,2025-04-24 07:03:46
397,Brit,Trebilcock,btrebilcock88@liveinternet.ru,2026-02-01 05:32:34
398,Hamel,Bertson,hbertson89@ask.com,2026-01-18 23:12:04
399,Dian,Dragge,ddragge8a@cam.ac.uk,2025-11-18 12:28:05
400,Adelle,Carnilian,acarnilian8b@pbs.org,2025-03-18 03:54:23
401,Peggi,Stansbie,pstansbie8c@goodreads.com,2025-08-28 14:22:41
402,Willette,Yea,wyea8d@chicagotribune.com,2025-10-30 05:08:28
403,Eunice,Lilian,elilian8e@marriott.com,2025-05-15 10:21:05
404,Aubree,Fincham,afincham8f@gravatar.com,2025-04-16 07:03:31
405,Vyky,Paulsen,vpaulsen8g@sogou.com,2025-08-03 20:57:32
406,Honey,Casa,hcasa8h@google.fr,2025-06-02 05:35:06
407,Karoly,Kinlock,kkinlock8i@nps.gov,2026-02-13 23:47:36
408,Michal,Kemmish,mkemmish8j@mediafire.com,2026-01-15 15:39:05
409,Stepha,Naulls,snaulls8k@qq.com,2025-04-04 00:54:26
410,Jerrie,Ragles,jragles8l@booking.com,2025-05-20 01:54:08
411,Corney,Winsper,cwinsper8m@issuu.com,2025-09-10 22:18:06
412,Scotti,Swindin,sswindin8n@indiatimes.com,2025-07-19 23:37:51
413,Rahel,Spottiswood,rspottiswood8o@soup.io,2025-10-27 13:42:18
414,Maddy,Losemann,mlosemann8p@delicious.com,2025-09-09 12:35:07
415,Boyd,Towse,btowse8q@ox.ac.uk,2025-05-23 22:00:17
416,Celinda,Rozier,crozier8r@ustream.tv,2025-07-14 09:55:22
417,Guenevere,Battersby,gbattersby8s@merriam-webster.com,2026-03-12 18:17:51
418,Jacinthe,Salters,jsalters8t@photobucket.com,2025-09-19 22:36:42
419,Flint,Antoinet,fantoinet8u@tmall.com,2025-09-11 14:35:31
420,Wallache,McTeggart,wmcteggart8v@jiathis.com,2025-12-16 03:13:40
421,Anselma,McBayne,amcbayne8w@mayoclinic.com,2025-10-22 14:54:42
422,Alonso,Risbrough,arisbrough8x@timesonline.co.uk,2026-03-04 07:36:02
423,Alie,Vivers,avivers8y@cornell.edu,2025-04-22 05:56:46
424,Genny,Starmore,gstarmore8z@nydailynews.com,2026-01-02 08:05:36
425,Rorie,Stampe,rstampe90@google.it,2026-03-02 14:32:39
426,Pavel,Szapiro,pszapiro91@newyorker.com,2025-06-22 20:41:03
427,Brent,Ivan,bivan92@xing.com,2025-06-16 03:46:32
428,Brande,Arnli,barnli93@prweb.com,2025-05-14 07:42:52
429,Reinaldos,Gorick,rgorick94@army.mil,2025-06-12 14:45:37
430,Hatty,Eakley,heakley95@altervista.org,2025-09-08 05:59:28
431,Maggi,Doggart,mdoggart96@netscape.com,2025-11-27 03:34:11
432,Georgianne,Ashpital,gashpital97@google.it,2026-01-14 17:50:03
433,Reyna,Stovold,rstovold98@nasa.gov,2025-12-29 10:38:41
434,Decca,Utton,dutton99@pcworld.com,2025-11-25 00:56:01
435,Kass,Sidaway,ksidaway9a@imgur.com,2025-08-06 12:53:39
436,Chucho,Trillow,ctrillow9b@spiegel.de,2026-01-04 08:36:25
437,Van,Yepiskopov,vyepiskopov9c@netvibes.com,2026-01-11 00:17:09
438,Juliana,Tiley,jtiley9d@wsj.com,2025-04-15 01:53:23
439,Honey,Corinton,hcorinton9e@netlog.com,2025-08-09 17:31:39
440,Sayres,Duncan,sduncan9f@whitehouse.gov,2026-03-05 02:53:23
441,Teodoor,Ofen,tofen9g@microsoft.com,2025-12-08 11:22:48
442,Ida,Smurfitt,ismurfitt9h@house.gov,2025-07-19 06:43:04
443,Aaren,Hartnell,ahartnell9i@meetup.com,2025-08-25 10:03:09
444,Joice,Scrowby,jscrowby9j@quantcast.com,2025-04-03 18:17:02
445,Neville,Shergill,nshergill9k@networkadvertising.org,2025-07-08 22:13:42
446,Biron,Mace,bmace9l@sina.com.cn,2025-06-12 22:03:18
447,Des,Hosten,dhosten9m@elpais.com,2025-09-29 15:07:59
448,Esme,Raleston,eraleston9n@phoca.cz,2025-07-30 21:56:05
449,Riccardo,Clows,rclows9o@soundcloud.com,2025-08-11 01:37:39
450,Romain,Callway,rcallway9p@indiatimes.com,2025-08-01 20:43:32
451,Karrie,Polsin,kpolsin9q@ftc.gov,2025-11-24 13:09:21
452,Blane,Seager,bseager9r@istockphoto.com,2025-04-22 09:40:24
453,Jessie,Everill,jeverill9s@freewebs.com,2025-07-14 05:30:50
454,Barny,Proctor,bproctor9t@cornell.edu,2025-06-21 09:41:33
455,Cesar,Kernock,ckernock9u@bbb.org,2025-08-14 21:23:29
456,Rockey,Inchcomb,rinchcomb9v@dot.gov,2026-01-27 23:45:07
457,Claiborn,Dankersley,cdankersley9w@pen.io,2025-12-21 08:47:51
458,Jorry,Gauler,jgauler9x@spotify.com,2025-11-17 06:02:04
459,Beulah,Affleck,baffleck9y@marriott.com,2025-07-13 16:50:47
460,Sophie,Cursons,scursons9z@boston.com,2025-08-05 04:53:00
461,Edyth,Balm,ebalma0@wordpress.org,2025-03-23 07:37:09
462,Farrand,Gower,fgowera1@foxnews.com,2025-04-18 18:32:28
463,Sonni,Penrose,spenrosea2@howstuffworks.com,2025-10-25 07:55:18
464,Sebastiano,Peres,speresa3@taobao.com,2026-03-15 01:01:57
465,Garrik,Luparti,glupartia4@jigsy.com,2025-08-24 09:28:29
466,Garvin,Sutehall,gsutehalla5@about.com,2026-02-08 16:25:48
467,Wayland,Jeens,wjeensa6@nba.com,2025-09-09 14:56:29
468,Akim,Honywill,ahonywilla7@ehow.com,2026-01-14 20:12:06
469,Elyse,Huikerby,ehuikerbya8@spiegel.de,2025-03-30 07:40:43
470,Eddi,Agge,eaggea9@vkontakte.ru,2025-11-21 14:01:51
471,Mohandas,Dunbabin,mdunbabinaa@rambler.ru,2025-06-10 01:59:55
472,Margi,Orpin,morpinab@apple.com,2025-05-13 01:59:53
473,Max,Greensted,mgreenstedac@1und1.de,2025-05-01 23:21:33
474,Corrina,Beagan,cbeaganad@unblog.fr,2026-01-27 20:53:55
475,Clary,Poyner,cpoynerae@kickstarter.com,2025-03-18 02:38:52
476,Nichol,Pavinese,npavineseaf@google.co.uk,2026-03-10 09:05:04
477,Millicent,Drowsfield,mdrowsfieldag@youtube.com,2025-08-19 00:46:21
478,Philippine,Oury,pouryah@ucoz.com,2025-03-28 01:23:59
479,Yolande,Waywell,ywaywellai@japanpost.jp,2026-01-10 10:00:39
480,Rod,Jeggo,rjeggoaj@jimdo.com,2026-03-03 13:42:35
481,Kyle,Becker,kbeckerak@trellian.com,2025-05-27 00:54:34
482,Adamo,Sturmey,asturmeyal@gravatar.com,2025-10-03 16:32:10
483,Marita,O'Donohue,modonohueam@delicious.com,2025-07-06 14:30:48
484,Sophi,Lamba,slambaan@blogspot.com,2025-10-01 02:07:43
485,Boycey,Jersch,bjerschao@statcounter.com,2025-09-22 15:16:36
486,Jeniffer,Bellefant,jbellefantap@mozilla.org,2025-04-29 12:02:35
487,Eddi,MacWilliam,emacwilliamaq@prnewswire.com,2025-07-14 21:45:38
488,Lemmie,Chasteney,lchasteneyar@ebay.co.uk,2025-06-19 21:28:24
489,Alice,Celier,acelieras@unicef.org,2025-12-30 09:57:32
490,Anderson,Snepp,asneppat@moonfruit.com,2025-06-06 16:47:52
491,Carlee,Kreber,ckreberau@amazon.co.uk,2025-12-25 07:55:08
492,Karlee,Walden,kwaldenav@bing.com,2025-05-27 04:51:21
493,Andria,Fordy,afordyaw@buzzfeed.com,2025-11-11 01:14:35
494,Maggy,Botwright,mbotwrightax@cafepress.com,2025-05-16 18:32:34
495,Henrieta,Guinn,hguinnay@plala.or.jp,2025-04-19 13:17:34
496,Nonah,Truse,ntruseaz@bloglines.com,2025-06-15 18:44:08
497,Quinn,Haswell,qhaswellb0@amazon.co.jp,2025-05-05 12:42:20
498,Lenora,Windrus,lwindrusb1@ihg.com,2025-12-03 00:42:29
499,Hatti,Henrys,hhenrysb2@archive.org,2025-04-16 01:31:20
500,Wernher,Trood,wtroodb3@wsj.com,2026-01-06 15:35:13
501,Gwen,Cudd,gcuddb4@accuweather.com,2025-03-25 06:26:02
502,Edwin,Geill,egeillb5@geocities.com,2025-05-16 06:07:43
503,Melanie,Stille,mstilleb6@xinhuanet.com,2025-05-16 10:25:57
504,Hakim,Kermott,hkermottb7@patch.com,2025-06-10 18:20:52
505,Maressa,Gulberg,mgulbergb8@wikia.com,2025-10-03 02:21:16
506,Annabelle,Skinn,askinnb9@webs.com,2025-03-19 20:11:45
507,Amitie,Polino,apolinoba@nsw.gov.au,2025-10-02 17:59:18
508,Emera,Fairest,efairestbb@businessweek.com,2025-07-01 22:06:51
509,Vittorio,Goldfinch,vgoldfinchbc@bandcamp.com,2025-07-25 11:13:55
510,Boony,Spellworth,bspellworthbd@yellowbook.com,2025-06-28 10:53:59
511,Anderson,Cotter,acotterbe@free.fr,2025-04-19 09:32:01
512,Rosana,Chiddy,rchiddybf@blogtalkradio.com,2026-01-13 05:12:43
513,Edlin,Leger,elegerbg@123-reg.co.uk,2025-11-15 10:44:47
514,Amerigo,Belson,abelsonbh@ed.gov,2025-09-08 13:56:09
515,Brynne,Clift,bcliftbi@sun.com,2025-10-03 14:06:56
516,Sharleen,Blethin,sblethinbj@exblog.jp,2026-02-16 23:23:08
517,Pepillo,Iacapucci,piacapuccibk@barnesandnoble.com,2025-07-31 22:25:40
518,Corette,Wasbey,cwasbeybl@ox.ac.uk,2025-11-10 11:58:23
519,Adora,Gann,agannbm@whitehouse.gov,2025-12-06 15:20:40
520,Aubrie,Arnould,aarnouldbn@huffingtonpost.com,2025-08-02 01:11:54
521,May,Boseley,mboseleybo@amazon.co.uk,2025-05-26 16:33:22
522,Fawnia,Portis,fportisbp@nhs.uk,2026-01-17 04:23:32
523,Ulysses,Kleinstern,ukleinsternbq@moonfruit.com,2025-06-23 02:46:29
524,Chrysa,Messiter,cmessiterbr@ehow.com,2025-11-20 01:26:50
525,Helga,Parker,hparkerbs@xinhuanet.com,2025-07-04 10:27:12
526,Reggie,Glendzer,rglendzerbt@sina.com.cn,2026-03-15 09:10:38
527,Ambrosio,McKeady,amckeadybu@webnode.com,2025-09-07 14:23:36
528,Aleece,Olyonov,aolyonovbv@time.com,2025-08-21 21:19:00
529,Elsa,Scrace,escracebw@nbcnews.com,2025-07-14 11:07:35
530,Jeana,MacCurley,jmaccurleybx@discuz.net,2025-09-22 09:34:18
531,Kimmie,Fermer,kfermerby@rakuten.co.jp,2026-01-13 19:26:10
532,Locke,Petre,lpetrebz@hc360.com,2025-06-22 02:55:40
533,Reeta,McQuillin,rmcquillinc0@360.cn,2025-04-15 12:23:38
534,Aubrey,Trounson,atrounsonc1@indiegogo.com,2025-07-25 11:16:09
535,Waylen,Wardle,wwardlec2@chron.com,2025-11-23 06:15:52
536,Thadeus,Lawrenz,tlawrenzc3@yahoo.co.jp,2025-12-12 18:37:55
537,Saxon,Leber,sleberc4@craigslist.org,2025-10-19 03:30:31
538,Daphna,L'argent,dlargentc5@xrea.com,2025-05-17 21:32:58
539,Fowler,Di Frisco,fdifriscoc6@spiegel.de,2025-04-30 04:01:46
540,Brena,Pawlicki,bpawlickic7@list-manage.com,2025-04-03 17:37:37
541,Ettie,Cruise,ecruisec8@shinystat.com,2025-06-22 11:42:19
542,Parke,Korneluk,pkornelukc9@printfriendly.com,2025-03-29 21:45:18
543,Rasla,Thumnel,rthumnelca@uol.com.br,2025-08-11 06:00:41
544,Corie,Pardi,cpardicb@ft.com,2025-05-15 10:31:14
545,Tobye,O'Dowd,todowdcc@ftc.gov,2025-11-07 14:36:43
546,Starla,Meadows,smeadowscd@amazonaws.com,2025-09-09 06:23:13
547,Michael,Landsborough,mlandsboroughce@fda.gov,2025-04-06 00:03:42
548,Brade,Gothrup,bgothrupcf@opensource.org,2025-07-25 01:16:13
549,Marla,Gledstane,mgledstanecg@google.es,2025-08-10 19:45:55
550,Josie,Jallin,jjallinch@utexas.edu,2025-07-12 20:50:45
551,Krystal,Boughen,kboughenci@sbwire.com,2025-12-08 16:52:27
552,Zoe,Hauxby,zhauxbycj@princeton.edu,2025-10-16 09:08:05
553,Tonye,Willcox,twillcoxck@amazon.de,2025-08-05 05:56:22
554,Alecia,Batchelar,abatchelarcl@ed.gov,2025-05-30 14:31:45
555,Alta,Wapplington,awapplingtoncm@google.pl,2025-03-22 09:20:47
556,Brynna,Silman,bsilmancn@barnesandnoble.com,2026-02-08 12:39:33
557,Fabien,Breming,fbremingco@salon.com,2025-07-07 04:36:23
558,Bernete,Petrolli,bpetrollicp@jimdo.com,2025-08-12 22:37:55
559,Sella,Rought,sroughtcq@theatlantic.com,2025-09-27 11:47:45
560,Marcia,Curphey,mcurpheycr@goo.gl,2026-01-29 20:40:38
561,Nealon,Dimmack,ndimmackcs@nymag.com,2025-07-21 15:08:28
562,Ninette,McGillacoell,nmcgillacoellct@indiegogo.com,2025-11-29 19:25:53
563,Boote,Guise,bguisecu@bbb.org,2025-04-17 14:46:48
564,Danita,De Fries,ddefriescv@hp.com,2025-05-23 14:27:06
565,Malvina,L'oiseau,mloiseaucw@cdbaby.com,2025-03-28 01:03:07
566,Arlina,Grzegorecki,agrzegoreckicx@cbsnews.com,2025-08-19 12:52:17
567,Dorotea,Druitt,ddruittcy@biglobe.ne.jp,2025-12-07 15:19:59
568,Fergus,Covelle,fcovellecz@gov.uk,2026-03-11 10:21:03
569,Engelbert,Veysey,eveyseyd0@artisteer.com,2025-08-04 21:53:37
570,Letisha,Gibbons,lgibbonsd1@pbs.org,2025-07-14 19:38:07
571,Sampson,Wilfing,swilfingd2@twitter.com,2025-08-10 19:20:42
572,Jennie,Brigden,jbrigdend3@cbsnews.com,2026-01-01 12:41:05
573,Gib,Malacrida,gmalacridad4@techcrunch.com,2025-12-30 22:41:35
574,Marijo,Seckington,mseckingtond5@mtv.com,2025-10-26 12:49:57
575,Grace,Ather,gatherd6@bing.com,2025-06-16 02:59:40
576,Wrennie,Tarbin,wtarbind7@plala.or.jp,2025-07-14 17:28:29
577,Marielle,Mobberley,mmobberleyd8@example.com,2026-02-03 06:20:18
578,Flin,Nyssen,fnyssend9@t.co,2025-11-16 06:35:30
579,Casi,Bendall,cbendallda@icio.us,2025-09-29 02:17:11
580,Irv,Stearn,istearndb@sphinn.com,2025-09-23 07:29:19
581,Xenos,Guirau,xguiraudc@ocn.ne.jp,2025-12-29 03:34:58
582,Gayla,Madrell,gmadrelldd@homestead.com,2025-07-04 19:03:10
583,Locke,Skures,lskuresde@webnode.com,2026-03-11 04:08:34
584,Dall,Jeandin,djeandindf@symantec.com,2025-08-31 03:33:23
585,Antonius,Paris,aparisdg@weebly.com,2025-08-06 10:39:36
586,Dag,Goor,dgoordh@pinterest.com,2025-06-08 12:08:55
587,Howie,Anstead,hansteaddi@cocolog-nifty.com,2026-02-11 00:28:03
588,Gabriello,Caramuscia,gcaramusciadj@sciencedaily.com,2025-10-30 16:05:44
589,Andre,Wile,awiledk@time.com,2025-10-23 12:03:25
590,Fair,Lewisham,flewishamdl@abc.net.au,2025-09-05 12:09:08
591,Hannis,Savins,hsavinsdm@live.com,2025-08-28 20:12:50
592,Deedee,Setford,dsetforddn@taobao.com,2025-04-06 22:33:25
593,Ethelin,Bloy,ebloydo@dot.gov,2025-05-07 10:32:01
594,Arlene,Pirrie,apirriedp@unblog.fr,2025-08-21 03:20:52
595,Jolene,Thornton,jthorntondq@deviantart.com,2025-07-25 20:11:19
596,Godfry,Gladdish,ggladdishdr@1und1.de,2025-09-25 14:12:12
597,Robby,Zorzenoni,rzorzenonids@liveinternet.ru,2025-06-26 14:25:56
598,Priscella,Dunster,pdunsterdt@apple.com,2025-04-28 22:47:51
599,Saul,Draijer,sdraijerdu@cbc.ca,2025-12-11 18:38:30
600,Kaspar,Spileman,kspilemandv@yahoo.com,2025-06-20 23:26:01
601,Karlen,Hannaway,khannawaydw@amazon.co.uk,2025-09-11 20:51:08
602,Kevyn,Arthy,karthydx@jigsy.com,2026-01-23 23:31:57
603,Kennie,By,kbydy@istockphoto.com,2025-12-15 04:45:33
604,Wilden,Lydon,wlydondz@twitter.com,2025-06-08 09:26:04
605,Bibby,Solomon,bsolomone0@ed.gov,2025-11-02 09:28:03
606,Travers,Dalgardno,tdalgardnoe1@sakura.ne.jp,2025-05-19 17:22:05
607,Giulio,Ralph,gralphe2@acquirethisname.com,2025-12-07 18:48:02
608,Tally,Frickey,tfrickeye3@tumblr.com,2025-06-07 14:06:06
609,Kalina,Rysom,krysome4@unesco.org,2025-06-16 04:18:34
610,Cassandre,Isbell,cisbelle5@gmpg.org,2025-09-13 21:23:33
611,Tymon,Fellgatt,tfellgatte6@gmpg.org,2025-10-31 02:46:00
612,Sophia,Suggate,ssuggatee7@salon.com,2025-09-12 09:16:23
613,Lilia,Donisthorpe,ldonisthorpee8@auda.org.au,2025-05-29 12:58:21
614,Hamid,Gouinlock,hgouinlocke9@bigcartel.com,2026-03-14 19:42:41
615,Ruth,Ziemke,rziemkeea@technorati.com,2025-07-27 11:53:17
616,Crissy,Seleway,cselewayeb@uol.com.br,2026-02-13 10:56:14
617,Brynn,Dragoe,bdragoeec@princeton.edu,2025-03-22 12:17:48
618,Carole,Yockley,cyockleyed@newsvine.com,2025-10-25 01:36:28
619,Marjorie,Forestall,mforestallee@360.cn,2025-04-20 08:51:52
620,Tana,Overstall,toverstallef@unc.edu,2025-11-10 09:47:47
621,Brannon,Tomsu,btomsueg@google.com.br,2025-07-30 19:48:44
622,Mirelle,Wanstall,mwanstalleh@smugmug.com,2026-03-16 16:09:02
623,Rachele,Handscombe,rhandscombeei@trellian.com,2025-04-21 01:04:58
624,Jareb,Manchett,jmanchettej@livejournal.com,2025-09-17 03:21:41
625,Julia,Calcott,jcalcottek@sbwire.com,2026-03-13 23:23:09
626,Reiko,Wasielewicz,rwasielewiczel@etsy.com,2026-01-21 03:37:18
627,Basil,Bullock,bbullockem@cargocollective.com,2025-09-14 16:27:56
628,Calhoun,Euesden,ceuesdenen@jugem.jp,2025-11-26 01:04:45
629,Roderigo,Hardacre,rhardacreeo@nymag.com,2025-06-05 23:32:35
630,George,Batting,gbattingep@blog.com,2025-04-10 19:41:19
631,Arleen,Rushman,arushmaneq@craigslist.org,2025-03-18 08:38:25
632,Mortimer,Hayen,mhayener@blogspot.com,2025-11-16 13:59:41
633,Collen,Heisham,cheishames@devhub.com,2025-07-19 18:28:42
634,Merrick,Swanston,mswanstonet@shop-pro.jp,2025-08-29 03:28:53
635,Price,Klaff,pklaffeu@baidu.com,2025-10-01 19:44:02
636,Blondell,Jeanenet,bjeanenetev@bloglovin.com,2026-02-24 17:59:55
637,Eloise,Persitt,epersittew@friendfeed.com,2025-03-24 18:55:52
638,Dominik,Cubbini,dcubbiniex@devhub.com,2025-07-06 14:28:01
639,Royal,Edginton,redgintoney@whitehouse.gov,2025-11-13 01:03:45
640,Velvet,McCarron,vmccarronez@flickr.com,2025-10-05 06:56:51
641,Cleve,Dyzart,cdyzartf0@myspace.com,2025-03-30 11:02:26
642,Chandler,Fear,cfearf1@timesonline.co.uk,2025-07-21 20:24:54
643,Edy,Mcsarry,emcsarryf2@netlog.com,2025-05-14 21:31:31
644,Brook,Beenham,bbeenhamf3@chronoengine.com,2025-12-01 19:06:44
645,Cherilyn,Guys,cguysf4@nature.com,2026-03-17 03:31:37
646,Evanne,Baumler,ebaumlerf5@edublogs.org,2025-08-09 16:01:52
647,Barbi,Chifney,bchifneyf6@gov.uk,2025-04-04 01:59:46
648,Brice,Hanlon,bhanlonf7@edublogs.org,2025-10-17 23:17:02
649,Immanuel,Ivasechko,iivasechkof8@statcounter.com,2025-05-31 05:49:11
650,Inga,Yanyshev,iyanyshevf9@behance.net,2026-01-17 07:44:42
651,Julietta,Yorkston,jyorkstonfa@issuu.com,2025-03-31 00:08:09
652,Marla,Kiernan,mkiernanfb@i2i.jp,2025-04-15 05:55:36
653,Pollyanna,Peron,pperonfc@oaic.gov.au,2025-12-13 05:26:28
654,Gilda,Batchelar,gbatchelarfd@hao123.com,2025-10-11 04:27:41
655,Arleyne,Sickamore,asickamorefe@army.mil,2025-05-01 15:39:55
656,Dieter,McReedy,dmcreedyff@yelp.com,2025-03-19 23:34:36
657,Petunia,Greg,pgregfg@cmu.edu,2026-01-11 17:35:04
658,Zacherie,Benasik,zbenasikfh@shareasale.com,2026-02-21 10:58:43
659,Corliss,Marquez,cmarquezfi@blogger.com,2025-12-01 06:42:35
660,Celinka,Causer,ccauserfj@wix.com,2026-03-14 19:35:01
661,Pearla,Lenchenko,plenchenkofk@techcrunch.com,2025-11-26 04:29:21
662,Harrie,MacCathay,hmaccathayfl@webnode.com,2025-10-22 15:14:18
663,Kellie,Hedlestone,khedlestonefm@yahoo.com,2025-04-10 20:36:49
664,Dallis,Bollans,dbollansfn@discovery.com,2025-09-01 07:36:34
665,Leland,Farfalameev,lfarfalameevfo@wordpress.org,2025-10-04 05:51:49
666,Elvis,Crosseland,ecrosselandfp@github.com,2026-02-27 20:21:37
667,Henderson,Krebs,hkrebsfq@nbcnews.com,2025-09-13 14:35:24
668,Kenna,Fewless,kfewlessfr@sourceforge.net,2025-08-01 08:33:23
669,Mureil,Cockitt,mcockittfs@reference.com,2026-01-09 21:22:18
670,Jeramey,Colclough,jcolcloughft@tripadvisor.com,2025-11-20 08:18:48
671,Arthur,Tisor,atisorfu@ucoz.ru,2026-01-25 00:01:45
672,Alethea,Perl,aperlfv@gov.uk,2025-10-11 03:17:22
673,Dean,Shatford,dshatfordfw@de.vu,2025-07-01 07:17:07
674,Cayla,Gillooly,cgilloolyfx@miitbeian.gov.cn,2026-01-10 03:15:33
675,Donelle,Heibl,dheiblfy@hexun.com,2025-06-02 09:22:39
676,Lockwood,Mantha,lmanthafz@boston.com,2026-01-09 20:55:38
677,Lilian,Jewitt,ljewittg0@google.com.hk,2025-08-07 16:33:31
678,Kasey,Sarra,ksarrag1@eventbrite.com,2025-04-30 08:03:50
679,Carina,Thaxter,cthaxterg2@abc.net.au,2025-11-27 11:26:46
680,Cody,O'Codihie,cocodihieg3@smh.com.au,2026-01-22 23:40:22
681,Fitzgerald,Oyley,foyleyg4@i2i.jp,2026-01-08 04:42:15
682,Chery,Laybourn,claybourng5@lulu.com,2025-08-22 08:56:09
683,Jed,Carnell,jcarnellg6@prnewswire.com,2025-03-28 23:04:33
684,Hazel,Jeyness,hjeynessg7@jalbum.net,2025-07-21 22:13:36
685,Pammi,Polley,ppolleyg8@oakley.com,2025-07-04 02:06:21
686,Lyndel,Lumbley,llumbleyg9@rakuten.co.jp,2025-12-07 19:51:43
687,Noni,Gillum,ngillumga@skyrock.com,2025-08-10 20:44:51
688,Noak,Veljes,nveljesgb@dagondesign.com,2025-09-15 05:03:06
689,Sawyere,Jillings,sjillingsgc@weibo.com,2025-11-24 02:19:42
690,Ahmad,Scibsey,ascibseygd@slideshare.net,2026-02-11 06:21:17
691,Gina,Jeaycock,gjeaycockge@bluehost.com,2025-04-11 14:44:37
692,Zacharie,Gianasi,zgianasigf@tripadvisor.com,2025-05-11 16:05:48
693,Waneta,Pelerin,wpeleringg@europa.eu,2025-08-27 10:21:31
694,Minnaminnie,O'Nowlan,monowlangh@shutterfly.com,2025-12-23 18:55:39
695,Krysta,Sidon,ksidongi@webs.com,2025-11-24 06:39:15
696,Alla,Okie,aokiegj@harvard.edu,2025-09-24 23:21:28
697,Karen,Hadingham,khadinghamgk@sphinn.com,2025-09-09 00:15:02
698,Leonora,De Gregario,ldegregariogl@huffingtonpost.com,2025-06-10 01:32:20
699,Jacintha,Abdy,jabdygm@moonfruit.com,2026-02-21 03:15:56
700,Corrinne,Columbell,ccolumbellgn@si.edu,2026-03-06 01:59:05
701,Neille,Atter,nattergo@photobucket.com,2026-01-22 05:14:36
702,Valerye,de Guerre,vdeguerregp@netscape.com,2026-01-06 05:14:00
703,Cos,Darrigone,cdarrigonegq@123-reg.co.uk,2025-08-20 07:43:02
704,Brnaba,Bidder,bbiddergr@wix.com,2025-08-31 13:23:07
705,Randal,Trump,rtrumpgs@umn.edu,2025-03-23 21:33:30
706,Fremont,Roelofsen,froelofsengt@cdbaby.com,2026-02-21 01:16:52
707,Sosanna,Cruft,scruftgu@odnoklassniki.ru,2025-06-25 09:04:12
708,Frannie,Arpe,farpegv@bandcamp.com,2025-04-04 08:40:16
709,Beatrice,Guard,bguardgw@auda.org.au,2025-12-30 02:20:15
710,Hardy,Ciobutaro,hciobutarogx@networkadvertising.org,2026-01-25 02:11:56
711,Gualterio,Iacofo,giacofogy@shop-pro.jp,2025-05-05 20:13:13
712,Aidan,Casterton,acastertongz@seesaa.net,2026-03-11 12:21:23
713,Augie,Mougenel,amougenelh0@loc.gov,2025-10-17 08:04:48
714,Page,MacCaffrey,pmaccaffreyh1@nytimes.com,2025-09-13 09:28:19
715,Latashia,Ferraretto,lferrarettoh2@ocn.ne.jp,2026-03-01 10:08:45
716,Juieta,Peschet,jpescheth3@bravesites.com,2025-05-11 09:02:32
717,Freddie,Going,fgoingh4@purevolume.com,2025-08-20 08:23:01
718,Belia,Esilmon,besilmonh5@shinystat.com,2025-11-01 12:57:35
719,Beulah,Cawsey,bcawseyh6@tmall.com,2026-02-28 10:47:43
720,Roy,Bachura,rbachurah7@seesaa.net,2025-09-08 23:56:59
721,Flory,Flaherty,fflahertyh8@ibm.com,2025-04-15 00:18:07
722,Harris,Bignold,hbignoldh9@dailymail.co.uk,2025-09-22 14:57:11
723,Magdalene,MacDonogh,mmacdonoghha@mashable.com,2025-11-20 00:40:37
724,Gwenni,Terlinden,gterlindenhb@bizjournals.com,2025-11-08 08:37:44
725,Diego,Bushby,dbushbyhc@wp.com,2025-05-03 21:07:06
726,Dalton,Francillo,dfrancillohd@histats.com,2025-06-18 23:56:47
727,Noel,Dinnage,ndinnagehe@4shared.com,2026-03-08 06:17:32
728,Orelia,Mawson,omawsonhf@irs.gov,2025-09-30 10:13:48
729,Clarence,McGonagle,cmcgonaglehg@ihg.com,2025-10-19 20:16:41
730,Ardisj,Taysbil,ataysbilhh@apache.org,2025-09-07 02:43:02
731,Belvia,Gosney,bgosneyhi@mapquest.com,2025-07-04 22:13:12
732,Sheba,Donnachie,sdonnachiehj@lycos.com,2025-07-02 23:18:18
733,Reinwald,Lace,rlacehk@theglobeandmail.com,2025-10-21 23:57:57
734,Gordy,Sackett,gsacketthl@cdbaby.com,2026-02-12 13:12:29
735,Jonas,Suddock,jsuddockhm@sfgate.com,2025-08-12 22:12:32
736,Krysta,Butchard,kbutchardhn@pen.io,2025-08-27 07:45:12
737,Ashley,Minico,aminicoho@globo.com,2026-03-07 16:41:51
738,Lorie,Bartalini,lbartalinihp@blogspot.com,2025-11-14 11:17:24
739,Bekki,Millson,bmillsonhq@webnode.com,2025-05-21 18:42:55
740,Odelia,Heal,ohealhr@shinystat.com,2026-01-06 17:15:33
741,Tyrone,Schwaiger,tschwaigerhs@github.io,2025-12-01 19:25:32
742,Lora,Rexworthy,lrexworthyht@phoca.cz,2025-08-09 07:00:27
743,Alika,Saturley,asaturleyhu@earthlink.net,2026-01-22 22:37:59
744,Mollie,Gemlett,mgemletthv@amazon.de,2025-11-25 17:20:44
745,Tracee,Vigurs,tvigurshw@wordpress.org,2025-08-08 22:16:30
746,Palmer,Comi,pcomihx@jugem.jp,2025-04-20 11:48:10
747,Obediah,Thomtson,othomtsonhy@redcross.org,2026-01-26 03:41:38
748,Crissie,Prop,cprophz@linkedin.com,2025-04-03 14:16:35
749,Christina,Nance,cnancei0@blogspot.com,2025-08-13 02:02:38
750,Jim,Peye,jpeyei1@php.net,2025-08-25 12:01:44
751,Lorine,Timmens,ltimmensi2@homestead.com,2025-04-26 12:29:33
752,Jo-anne,Konzel,jkonzeli3@uiuc.edu,2025-07-01 21:12:32
753,Teddie,Cobelli,tcobellii4@smugmug.com,2026-02-10 21:42:25
754,Welch,Pickthorn,wpickthorni5@wsj.com,2026-03-08 06:28:14
755,Kelly,Dooland,kdoolandi6@arstechnica.com,2025-12-29 21:09:42
756,Gareth,Colquete,gcolquetei7@netlog.com,2025-07-30 06:13:44
757,Ariela,Maybury,amayburyi8@bluehost.com,2025-08-19 21:35:45
758,Farlie,Slocket,fslocketi9@feedburner.com,2026-03-13 07:42:25
759,Urbanus,Greatrakes,ugreatrakesia@accuweather.com,2025-07-24 08:12:33
760,Germain,Scamal,gscamalib@deliciousdays.com,2025-12-24 11:19:33
761,Auberta,Beggin,abegginic@nifty.com,2025-10-07 17:44:51
762,Shantee,Bream,sbreamid@51.la,2025-12-07 06:39:14
763,Kristal,Duhig,kduhigie@freewebs.com,2026-02-01 17:40:18
764,Nadiya,Matzaitis,nmatzaitisif@wp.com,2025-07-16 07:32:54
765,Selle,Sephton,ssephtonig@redcross.org,2025-04-26 15:07:57
766,Daphene,Klosges,dklosgesih@cloudflare.com,2025-11-06 06:38:10
767,Willow,Yanshinov,wyanshinovii@apache.org,2026-01-24 14:21:24
768,Dix,Cough,dcoughij@house.gov,2025-11-10 10:36:01
769,Art,Kaspar,akasparik@e-recht24.de,2026-02-06 08:23:14
770,Hamnet,Gherardini,hgherardiniil@blogs.com,2025-06-28 09:26:31
771,Dore,Christescu,dchristescuim@topsy.com,2025-05-01 11:41:57
772,Rafa,Benet,rbenetin@prnewswire.com,2025-05-24 17:05:48
773,Alexa,Sandercock,asandercockio@weebly.com,2025-10-06 21:40:57
774,Walther,Rizzardini,wrizzardiniip@blogtalkradio.com,2025-04-12 19:35:43
775,Beverley,Senter,bsenteriq@opensource.org,2025-07-24 20:17:18
776,Mendy,Sherewood,msherewoodir@adobe.com,2025-10-13 23:02:41
777,Melesa,Dessent,mdessentis@pcworld.com,2025-11-18 14:06:20
778,Briny,Cardello,bcardelloit@craigslist.org,2026-03-03 03:09:27
779,Thorvald,Lead,tleadiu@shinystat.com,2025-09-01 05:27:14
780,Diahann,Hacun,dhacuniv@answers.com,2025-08-27 00:06:40
781,Ondrea,Morgan,omorganiw@spiegel.de,2026-02-01 08:31:57
782,Katleen,Dayley,kdayleyix@yale.edu,2025-10-05 09:10:46
783,Riki,Simion,rsimioniy@domainmarket.com,2025-06-06 02:46:58
784,Carol-jean,Mullis,cmullisiz@imgur.com,2025-03-24 01:47:14
785,Winifred,Lukasik,wlukasikj0@google.com.hk,2025-06-18 11:00:23
786,Mariette,Cooke,mcookej1@slate.com,2026-03-01 07:34:43
787,Thedrick,Akast,takastj2@discovery.com,2025-09-30 18:25:47
788,Caldwell,Cowperthwaite,ccowperthwaitej3@scientificamerican.com,2025-03-28 18:47:39
789,Luciana,MacAndie,lmacandiej4@gravatar.com,2025-03-26 11:13:35
790,Jacynth,Legier,jlegierj5@imageshack.us,2026-02-28 07:27:00
791,Kermit,Vassar,kvassarj6@youtube.com,2025-08-29 08:12:35
792,Aviva,Hing,ahingj7@163.com,2026-03-04 05:38:53
793,Kary,Jiroudek,kjiroudekj8@ustream.tv,2025-09-05 13:52:51
794,Claude,Collocott,ccollocottj9@stumbleupon.com,2025-09-29 16:01:27
795,Neal,Harrigan,nharriganja@quantcast.com,2025-11-22 09:25:20
796,Gilbert,Yarrall,gyarralljb@biglobe.ne.jp,2025-11-30 02:19:03
797,Jonell,Learmont,jlearmontjc@wired.com,2026-03-02 04:49:01
798,Charmian,Kennifeck,ckennifeckjd@dailymotion.com,2025-10-30 14:28:25
799,Pooh,Firminger,pfirmingerje@123-reg.co.uk,2025-12-26 01:36:48
800,Jonie,Folk,jfolkjf@csmonitor.com,2025-07-20 12:19:55
801,Lindie,Piotrowski,lpiotrowskijg@dion.ne.jp,2025-12-09 01:29:08
802,Rosa,Beartup,rbeartupjh@tripadvisor.com,2026-03-09 02:43:32
803,Carlina,Derrick,cderrickji@ox.ac.uk,2026-02-11 09:13:08
804,Isahella,Crews,icrewsjj@pen.io,2025-05-19 04:49:41
805,Jimmie,Lindroos,jlindroosjk@merriam-webster.com,2026-03-09 22:52:45
806,Carline,Temby,ctembyjl@rediff.com,2026-01-19 03:34:57
807,Alvinia,McGinnis,amcginnisjm@uol.com.br,2025-11-07 01:20:43
808,Druci,Pritchett,dpritchettjn@aol.com,2026-01-08 19:44:19
809,Glenn,Rodolphe,grodolphejo@cam.ac.uk,2025-07-08 16:56:44
810,Tannie,Meriguet,tmeriguetjp@si.edu,2025-08-28 07:36:16
811,Hyacintha,Ney,hneyjq@theguardian.com,2025-12-09 10:42:33
812,Tucker,Goozee,tgoozeejr@sogou.com,2025-08-30 14:56:30
813,Kinnie,Syvret,ksyvretjs@reuters.com,2025-12-18 04:51:03
814,Juliane,Rivalland,jrivallandjt@homestead.com,2025-10-24 05:33:01
815,Karin,Burdon,kburdonju@paginegialle.it,2026-01-30 19:03:18
816,Bond,Cottam,bcottamjv@reverbnation.com,2025-11-24 17:15:18
817,Tabby,Lowfill,tlowfilljw@reuters.com,2025-11-14 14:36:36
818,Bevan,Redhills,bredhillsjx@pbs.org,2026-02-17 10:24:45
819,Isabelita,Costell,icostelljy@time.com,2026-02-02 10:47:31
820,Maighdiln,Drinkhall,mdrinkhalljz@usatoday.com,2025-06-28 21:21:10
821,Igor,Andreichik,iandreichikk0@wiley.com,2025-06-25 12:10:19
822,Andreana,Reddlesden,areddlesdenk1@bbc.co.uk,2025-07-19 02:01:05
823,Normie,Piscopello,npiscopellok2@rakuten.co.jp,2026-02-24 22:08:52
824,Hestia,Alston,halstonk3@tripod.com,2025-09-27 12:26:49
825,Alec,Brewins,abrewinsk4@xrea.com,2025-05-30 18:04:59
826,Cyrill,Praundlin,cpraundlink5@examiner.com,2026-02-14 12:02:26
827,Olivero,Alpin,oalpink6@bizjournals.com,2025-09-19 02:41:21
828,Berta,Bennedsen,bbennedsenk7@last.fm,2025-05-30 21:16:35
829,Juliane,Koba,jkobak8@ucoz.ru,2025-06-27 01:04:54
830,Cristine,Crabtree,ccrabtreek9@blogger.com,2025-12-19 22:54:17
831,Deb,Gowing,dgowingka@discovery.com,2025-09-01 01:26:50
832,Beitris,Tinwell,btinwellkb@multiply.com,2026-01-08 01:40:37
833,Tybalt,Cardus,tcarduskc@blogspot.com,2026-03-17 18:35:01
834,Lucille,Brafferton,lbraffertonkd@biglobe.ne.jp,2025-08-01 01:54:26
835,Wainwright,Ramel,wramelke@ucsd.edu,2025-11-24 05:49:40
836,Eleonora,Skully,eskullykf@wisc.edu,2025-10-15 17:34:18
837,Mikaela,Wais,mwaiskg@1und1.de,2025-12-08 15:35:48
838,Dunstan,Blyth,dblythkh@time.com,2025-10-16 23:31:45
839,Tam,Elbourne,telbourneki@mtv.com,2026-03-04 03:56:33
840,Alida,Delmage,adelmagekj@yandex.ru,2025-04-02 04:15:39
841,Karlotte,Ridewood,kridewoodkk@uiuc.edu,2026-01-11 12:29:04
842,Petunia,Grahl,pgrahlkl@pcworld.com,2026-01-27 01:14:58
843,Amandi,Krysztofiak,akrysztofiakkm@prnewswire.com,2025-03-20 08:45:33
844,Roselin,Ashpole,rashpolekn@1688.com,2025-06-26 21:45:52
845,Lanie,Nials,lnialsko@indiatimes.com,2025-10-08 18:41:00
846,Jeramey,Geddis,jgeddiskp@tripadvisor.com,2025-06-18 21:52:22
847,Joyan,Skoate,jskoatekq@bravesites.com,2025-06-11 19:02:29
848,Ursuline,Prawle,uprawlekr@parallels.com,2025-05-11 06:23:53
849,Giuditta,Berka,gberkaks@over-blog.com,2025-04-22 08:27:42
850,Randolf,Stathers,rstatherskt@freewebs.com,2025-12-19 20:15:33
851,Amie,Battaille,abattailleku@cnbc.com,2025-09-16 04:36:29
852,Thorpe,Bilovus,tbilovuskv@e-recht24.de,2026-01-01 19:58:05
853,Bartholemy,Lackner,blacknerkw@smh.com.au,2025-05-06 20:26:12
854,Leah,Spratling,lspratlingkx@state.tx.us,2025-12-24 23:32:46
855,Gideon,Dalziell,gdalziellky@tmall.com,2025-07-03 06:12:18
856,Dukey,Bickle,dbicklekz@wufoo.com,2025-12-23 00:45:14
857,Brnaba,Hallum,bhalluml0@vimeo.com,2025-12-27 09:59:55
858,Hieronymus,Dohr,hdohrl1@xinhuanet.com,2025-07-13 08:23:45
859,Sheff,Preto,spretol2@businessinsider.com,2026-03-02 06:10:23
860,Bette-ann,Hitcham,bhitchaml3@hp.com,2025-12-05 03:43:03
861,Alfy,Pooke,apookel4@si.edu,2025-08-17 21:31:45
862,Antonetta,Domney,adomneyl5@amazon.co.uk,2025-06-05 11:19:23
863,Leo,Humes,lhumesl6@ow.ly,2025-05-12 05:05:55
864,Miof mela,Ralston,mralstonl7@netvibes.com,2025-07-07 09:45:54
865,Tawnya,Guerrero,tguerrerol8@merriam-webster.com,2026-02-09 00:28:14
866,Mabelle,Deville,mdevillel9@myspace.com,2025-06-02 04:09:49
867,Ashbey,Oaten,aoatenla@wired.com,2025-08-26 11:13:59
868,Cherish,Voaden,cvoadenlb@mayoclinic.com,2025-06-30 04:32:58
869,Ashla,Samett,asamettlc@sciencedaily.com,2025-10-24 13:25:39
870,Willey,Waight,wwaightld@wikispaces.com,2025-12-30 22:12:29
871,Edy,Mainland,emainlandle@qq.com,2025-06-10 11:35:22
872,Moyra,Brickell,mbrickelllf@bluehost.com,2025-06-29 09:37:58
873,Neysa,Curnow,ncurnowlg@bigcartel.com,2026-01-29 21:18:26
874,Barbra,Mylchreest,bmylchreestlh@infoseek.co.jp,2025-12-04 22:02:48
875,Freddy,Scurman,fscurmanli@xinhuanet.com,2025-09-09 06:09:50
876,Joli,Tedder,jtedderlj@geocities.jp,2026-02-05 10:46:26
877,Jorry,Larmuth,jlarmuthlk@redcross.org,2025-12-19 02:56:44
878,Pansie,Petters,ppettersll@europa.eu,2025-09-13 17:02:27
879,Lou,Murie,lmurielm@dmoz.org,2025-08-31 08:44:19
880,Bern,Brawson,bbrawsonln@ustream.tv,2025-07-23 22:36:47
881,Yolanthe,Apfler,yapflerlo@webeden.co.uk,2026-03-05 06:19:18
882,Gibby,Mebs,gmebslp@about.com,2025-12-03 06:53:01
883,Carry,Oddey,coddeylq@unicef.org,2025-03-22 05:32:06
884,Micki,Showl,mshowllr@paginegialle.it,2025-07-08 15:03:54
885,Boycey,Livett,blivettls@360.cn,2025-11-19 16:39:53
886,Armin,McGonigal,amcgonigallt@webmd.com,2026-02-14 08:11:28
887,Jaquelin,Balfre,jbalfrelu@elpais.com,2026-02-16 05:22:12
888,Berne,Leckie,bleckielv@netscape.com,2026-03-13 02:04:45
889,Sibylle,Haddleston,shaddlestonlw@abc.net.au,2025-05-06 02:49:22
890,Britteny,Barnard,bbarnardlx@myspace.com,2025-11-30 08:27:41
891,Myca,Ney,mneyly@howstuffworks.com,2025-04-22 15:29:24
892,Inez,Withnall,iwithnalllz@bloglines.com,2025-12-07 14:06:04
893,Dallas,Kluss,dklussm0@webeden.co.uk,2026-03-02 08:13:58
894,Raleigh,Ripley,rripleym1@miitbeian.gov.cn,2025-06-25 19:43:41
895,Phaedra,Worssam,pworssamm2@odnoklassniki.ru,2025-12-15 17:22:57
896,Ulises,Aimson,uaimsonm3@abc.net.au,2025-08-06 03:26:24
897,Yehudit,Ponceford,yponcefordm4@thetimes.co.uk,2025-11-14 11:42:20
898,Ephrem,Wittier,ewittierm5@over-blog.com,2025-12-28 17:38:27
899,Hill,Snawden,hsnawdenm6@dagondesign.com,2025-11-05 14:34:20
900,Marlo,Bazeley,mbazeleym7@feedburner.com,2025-03-21 18:19:26
901,Wyatt,Glencross,wglencrossm8@chicagotribune.com,2025-04-07 17:57:36
902,Curtice,Beall,cbeallm9@prweb.com,2026-02-24 13:46:01
903,Herbie,Burnall,hburnallma@buzzfeed.com,2025-10-27 09:22:55
904,Ambur,Hanrott,ahanrottmb@microsoft.com,2026-02-20 20:56:28
905,Lyssa,Hallaways,lhallawaysmc@arstechnica.com,2025-11-22 15:44:59
906,Gracia,Whear,gwhearmd@businessinsider.com,2026-02-17 13:23:53
907,Pembroke,Rodrigo,prodrigome@bizjournals.com,2026-01-08 12:08:02
908,Forrester,Ludye,fludyemf@google.es,2026-01-04 01:33:15
909,Kirby,Varey,kvareymg@nbcnews.com,2026-02-18 13:45:23
910,Hanson,Moreno,hmorenomh@who.int,2026-03-17 11:55:08
911,Joyann,Albon,jalbonmi@umich.edu,2025-11-04 04:02:22
912,Hill,Halm,hhalmmj@exblog.jp,2025-12-27 20:23:06
913,Gerri,McGillicuddy,gmcgillicuddymk@thetimes.co.uk,2025-05-02 08:17:57
914,Etan,Cowling,ecowlingml@youtu.be,2025-08-28 17:38:46
915,Axe,Cornilleau,acornilleaumm@nationalgeographic.com,2025-05-11 13:48:15
916,Oriana,Loveguard,oloveguardmn@123-reg.co.uk,2025-05-09 16:45:31
917,Elie,William,ewilliammo@bloomberg.com,2025-07-26 21:18:16
918,Hershel,Tabourin,htabourinmp@people.com.cn,2025-08-14 19:09:08
919,Danie,Woodcroft,dwoodcroftmq@canalblog.com,2026-01-06 14:26:34
920,Pembroke,Taylot,ptaylotmr@networksolutions.com,2025-08-06 22:20:37
921,Rosa,Seres,rseresms@xrea.com,2025-11-05 04:22:49
922,Dan,Francie,dfranciemt@mediafire.com,2025-07-13 14:39:08
923,Zane,Ricca,zriccamu@hibu.com,2026-02-08 13:13:08
924,Parrnell,Championnet,pchampionnetmv@t.co,2025-09-17 07:24:29
925,Merline,Munnings,mmunningsmw@xing.com,2025-10-10 08:56:34
926,Buiron,Oglesbee,boglesbeemx@livejournal.com,2025-10-28 06:24:14
927,Beaufort,Scamal,bscamalmy@artisteer.com,2026-01-19 03:03:09
928,Theda,Stillmann,tstillmannmz@sbwire.com,2025-05-07 19:21:27
929,Northrup,Georghiou,ngeorghioun0@businesswire.com,2026-01-30 06:06:34
930,Tomkin,Tattersill,ttattersilln1@bizjournals.com,2025-08-04 02:03:19
931,Garry,Capner,gcapnern2@wordpress.org,2025-04-21 17:37:48
932,Feliks,Cockell,fcockelln3@utexas.edu,2025-12-16 21:44:37
933,Ashlan,Lyston,alystonn4@vimeo.com,2025-07-26 01:17:26
934,Colas,Haywood,chaywoodn5@elegantthemes.com,2025-04-14 23:47:34
935,Enrika,Bissex,ebissexn6@nyu.edu,2025-06-08 13:52:25
936,Cammi,Nerne,cnernen7@shutterfly.com,2025-11-20 17:51:33
937,Lacie,Chaimson,lchaimsonn8@princeton.edu,2025-03-30 02:46:57
938,Dannie,Cianni,dciannin9@gravatar.com,2026-02-20 10:42:39
939,Emmi,Dupoy,edupoyna@weebly.com,2026-02-06 22:54:25
940,Balduin,Dellatorre,bdellatorrenb@networksolutions.com,2026-03-08 13:40:12
941,Mathew,Bonas,mbonasnc@washington.edu,2025-03-23 06:56:32
942,Vevay,McClancy,vmcclancynd@gizmodo.com,2025-05-20 06:03:58
943,Daisy,Mingotti,dmingottine@cocolog-nifty.com,2025-09-21 16:43:36
944,Filmer,Goutcher,fgoutchernf@cdc.gov,2025-10-23 06:46:56
945,Alissa,Burnsell,aburnsellng@opensource.org,2025-06-16 09:43:48
946,Orelia,Basezzi,obasezzinh@fotki.com,2026-01-15 16:31:35
947,Tine,Prando,tprandoni@csmonitor.com,2025-08-30 04:38:11
948,Britteny,Raubheim,braubheimnj@oakley.com,2026-02-27 14:38:50
949,Rickie,Barkway,rbarkwaynk@dell.com,2025-11-29 11:20:54
950,Jasmina,Beeden,jbeedennl@aol.com,2025-06-25 14:31:42
951,Derward,Fido,dfidonm@photobucket.com,2025-04-11 19:13:13
952,Barthel,Osgarby,bosgarbynn@blogspot.com,2025-11-01 18:27:57
953,Renie,Bearcroft,rbearcroftno@comsenz.com,2025-12-26 21:11:42
954,Hoebart,Gaskoin,hgaskoinnp@unc.edu,2025-05-23 10:12:52
955,Cornie,Fieldstone,cfieldstonenq@usgs.gov,2025-08-12 04:56:58
956,Corilla,Allom,callomnr@ca.gov,2026-01-02 23:48:57
957,Nickolaus,Waylett,nwaylettns@wp.com,2025-08-19 07:29:39
958,Nanete,Drynan,ndrynannt@dmoz.org,2026-01-27 10:58:47
959,Reid,Utteridge,rutteridgenu@skyrock.com,2025-11-30 15:26:07
960,Lloyd,Dimanche,ldimanchenv@cargocollective.com,2025-08-16 09:08:39
961,Tadio,Suart,tsuartnw@altervista.org,2025-09-19 21:44:59
962,Iona,Low,ilownx@addthis.com,2026-03-15 23:36:55
963,Ryan,Castilljo,rcastilljony@ucoz.com,2026-03-04 02:35:22
964,Wilfrid,Presidey,wpresideynz@shutterfly.com,2025-03-20 02:49:45
965,Walden,Errington,werringtono0@livejournal.com,2025-04-30 09:31:46
966,Deirdre,Dymock,ddymocko1@ask.com,2025-09-02 01:02:50
967,Leona,Lethem,llethemo2@cafepress.com,2025-06-26 11:12:28
968,Gerik,Comrie,gcomrieo3@paginegialle.it,2025-10-25 00:46:25
969,Rodge,Conlaund,rconlaundo4@cocolog-nifty.com,2026-01-04 12:44:35
970,Dasi,Daldry,ddaldryo5@surveymonkey.com,2025-07-21 23:45:07
971,Roldan,Garvill,rgarvillo6@vk.com,2025-09-08 02:16:11
972,Courtnay,Campe,ccampeo7@washingtonpost.com,2026-01-21 13:03:17
973,Ardelis,Setford,asetfordo8@themeforest.net,2025-07-12 09:08:31
974,Christiana,Yerson,cyersono9@tiny.cc,2026-02-10 21:39:56
975,Bartholomeus,L'argent,blargentoa@hud.gov,2025-03-23 08:37:42
976,Christal,Ingles,cinglesob@github.io,2025-10-26 21:16:44
977,Rabi,Bowering,rboweringoc@upenn.edu,2025-10-01 09:20:05
978,Monty,Fisbburne,mfisbburneod@indiegogo.com,2025-10-28 00:50:53
979,Curran,Wardhaugh,cwardhaughoe@ucoz.ru,2025-07-17 04:09:45
980,Dorene,Gilliam,dgilliamof@mapquest.com,2026-02-08 13:46:34
981,Alia,Salzen,asalzenog@issuu.com,2025-08-26 05:57:34
982,Bruno,Le Maitre,blemaitreoh@feedburner.com,2026-02-24 15:36:55
983,Nell,Gladdifh,ngladdifhoi@nsw.gov.au,2025-12-26 05:53:26
984,Theodora,Reyes,treyesoj@deviantart.com,2025-10-20 22:38:10
985,Freda,Konig,fkonigok@bandcamp.com,2025-09-26 07:34:10
986,Vivian,Deeman,vdeemanol@gizmodo.com,2025-08-30 23:04:08
987,Mathe,Teaser,mteaserom@bluehost.com,2025-11-22 10:24:50
988,Darci,Ajam,dajamon@sbwire.com,2025-03-28 19:21:33
989,Elly,Moreman,emoremanoo@odnoklassniki.ru,2025-05-28 19:16:33
990,Katrina,Wonham,kwonhamop@narod.ru,2025-09-02 23:51:58
991,Terrie,Leverich,tleverichoq@statcounter.com,2025-07-11 10:29:10
992,Wilfrid,McWilliams,wmcwilliamsor@ed.gov,2025-07-10 15:33:54
993,Sher,Ricoald,sricoaldos@latimes.com,2025-12-28 02:39:43
994,Nikolos,Novic,nnovicot@nasa.gov,2025-11-14 06:21:34
995,Elmira,Spileman,espilemanou@fotki.com,2026-01-21 20:08:10
996,Chery,Sketch,csketchov@unblog.fr,2025-11-25 05:08:25
997,Wendell,Licari,wlicariow@naver.com,2025-10-31 03:50:45
998,Teri,Rounsefull,trounsefullox@ca.gov,2026-03-17 15:20:39
999,Sasha,Kunat,skunatoy@webmd.com,2025-10-30 08:55:46
1000,Livvie,Capeloff,lcapeloffoz@engadget.com,2026-02-19 19:22:54
1001,Dane,Kellaway,dkellawayp0@xing.com,2025-05-23 06:11:00
1002,Andie,O'Fallone,aofallonep1@youku.com,2025-12-28 02:18:19
1003,Alvie,Lippitt,alippittp2@ebay.co.uk,2025-09-02 13:38:46
1004,Joni,McCaffrey,jmccaffreyp3@amazon.de,2025-08-17 00:52:53
1005,Dorelle,Fillis,dfillisp4@ustream.tv,2026-02-27 06:38:17
1006,Chadwick,Reeday,creedayp5@uiuc.edu,2025-06-29 19:18:24
1007,Urbain,Charrett,ucharrettp6@abc.net.au,2025-12-26 17:35:26
1008,Barr,Redmell,bredmellp7@salon.com,2025-09-28 05:17:38
1009,Yorgo,Roebuck,yroebuckp8@ucla.edu,2025-10-14 01:03:21
1010,Gallard,Paudin,gpaudinp9@vkontakte.ru,2025-09-23 14:08:03
1011,Dorey,Haddow,dhaddowpa@paginegialle.it,2025-08-13 20:08:03
1012,Gloriana,Murty,gmurtypb@multiply.com,2026-02-15 16:17:32
1013,Austin,Manass,amanasspc@stanford.edu,2026-01-08 08:44:35
1014,Oby,Ridgewell,oridgewellpd@hubpages.com,2025-04-06 01:52:14
1015,Ware,Wildman,wwildmanpe@kickstarter.com,2026-01-07 23:09:26
1016,Parry,Darley,pdarleypf@tamu.edu,2025-12-27 11:42:05
1017,Mylo,Bartlomiej,mbartlomiejpg@soundcloud.com,2025-10-09 17:48:21
1018,Jami,Leathard,jleathardph@yellowpages.com,2025-09-28 13:13:27
1019,Jorry,McSherry,jmcsherrypi@ustream.tv,2025-05-12 21:02:59
1020,Lucilia,McRorie,lmcroriepj@icq.com,2025-10-04 00:56:52
1021,Lira,Pizzey,lpizzeypk@wufoo.com,2026-01-29 22:44:40
1022,Marji,Muzzi,mmuzzipl@cornell.edu,2026-03-16 05:07:09
1023,Kingston,Mishow,kmishowpm@un.org,2025-09-05 14:24:20
1024,Von,Costanza,vcostanzapn@census.gov,2025-06-12 17:26:04
1025,Aurea,Sandiland,asandilandpo@sina.com.cn,2025-10-15 19:21:07
1026,Rusty,Cassella,rcassellapp@cargocollective.com,2025-05-21 16:07:19
1027,Gerhardt,Nield,gnieldpq@rakuten.co.jp,2025-06-18 17:59:53
1028,Kellen,Godby,kgodbypr@privacy.gov.au,2025-10-28 07:56:29
1029,Niel,Benge,nbengeps@example.com,2025-03-23 18:43:16
1030,Licha,Brislan,lbrislanpt@adobe.com,2025-10-28 14:54:52
1031,Mannie,Brient,mbrientpu@nyu.edu,2025-11-08 03:31:51
1032,Patrice,Tourmell,ptourmellpv@liveinternet.ru,2025-08-04 05:24:33
1033,Kendricks,Hegdonne,khegdonnepw@unicef.org,2025-08-18 09:37:35
1034,Renee,Demchen,rdemchenpx@storify.com,2026-03-09 23:10:13
1035,Wally,Olivazzi,wolivazzipy@ucsd.edu,2025-11-19 16:24:21
1036,Waylon,Allington,wallingtonpz@cbslocal.com,2025-06-22 03:14:42
1037,Tiffi,Furber,tfurberq0@oakley.com,2026-03-13 10:38:53
1038,Gal,Duthy,gduthyq1@fema.gov,2025-06-02 21:38:51
1039,Jeffrey,Yearron,jyearronq2@google.fr,2025-09-17 12:37:30
1040,Norbie,Gertray,ngertrayq3@telegraph.co.uk,2025-06-16 22:48:35
1041,Benson,Cianni,bcianniq4@engadget.com,2025-05-08 16:10:32
1042,Robinett,Midson,rmidsonq5@godaddy.com,2025-09-16 14:01:50
1043,Kip,Slorance,ksloranceq6@foxnews.com,2025-10-12 22:35:19
1044,Uri,Luchelli,uluchelliq7@domainmarket.com,2025-10-14 20:30:58
1045,Othilia,Meadmore,omeadmoreq8@github.com,2025-10-23 06:02:57
1046,Juliana,Remmers,jremmersq9@google.com.au,2026-01-15 04:06:53
1047,Fred,Thewlis,fthewlisqa@istockphoto.com,2025-12-05 07:28:37
1048,Annalise,Bondar,abondarqb@is.gd,2025-12-15 11:23:47
1049,Bonnee,Danniell,bdanniellqc@mapquest.com,2025-04-21 06:57:11
1050,Felic,Despenser,fdespenserqd@nydailynews.com,2025-06-01 10:56:21
1051,Derwin,Brokenshaw,dbrokenshawqe@wix.com,2025-04-12 11:23:38
1052,Niki,Kille,nkilleqf@tripod.com,2025-11-13 17:16:23
1053,Thebault,Steward,tstewardqg@dagondesign.com,2026-01-24 15:45:46
1054,Levy,Kither,lkitherqh@upenn.edu,2025-06-01 18:48:45
1055,Chad,Rhelton,crheltonqi@jiathis.com,2025-08-21 02:32:51
1056,Micki,O'Neary,monearyqj@twitpic.com,2025-12-24 02:16:30
1057,Kennie,Sheddan,ksheddanqk@washington.edu,2025-12-23 12:34:33
1058,Chrisy,Argue,cargueql@topsy.com,2025-07-26 10:59:12
1059,Kerry,Powder,kpowderqm@prnewswire.com,2025-04-26 22:00:19
1060,Angel,Murrell,amurrellqn@skyrock.com,2025-05-12 21:50:15
1061,Jacquette,Iveson,jivesonqo@netscape.com,2025-08-08 18:50:43
1062,Kristien,Kellington,kkellingtonqp@slashdot.org,2025-05-06 20:01:15
1063,Audie,Achurch,aachurchqq@cloudflare.com,2025-04-27 01:24:49
1064,Alejandrina,Noore,anooreqr@cisco.com,2025-10-13 18:47:39
1065,Alexine,Wrighton,awrightonqs@php.net,2025-08-17 05:03:54
1066,Shirline,Lieber,slieberqt@uol.com.br,2025-08-03 03:51:21
1067,Mair,Di Ruggiero,mdiruggieroqu@ameblo.jp,2026-02-25 05:03:01
1068,Bil,Cleland,bclelandqv@e-recht24.de,2025-12-10 13:52:06
1069,Beniamino,Wims,bwimsqw@reference.com,2025-09-13 08:21:19
1070,Dasya,Stockoe,dstockoeqx@google.com.br,2025-03-28 08:24:48
1071,Rici,Harrington,rharringtonqy@nps.gov,2026-02-15 01:08:48
1072,Jaimie,Siburn,jsiburnqz@sitemeter.com,2025-12-05 21:48:11
1073,Shauna,Dmitr,sdmitrr0@odnoklassniki.ru,2026-03-08 02:33:43
1074,Rosette,Cosens,rcosensr1@ustream.tv,2025-07-10 20:30:05
1075,Benn,Stroulger,bstroulgerr2@indiegogo.com,2025-08-10 19:08:57
1076,Hube,Davson,hdavsonr3@boston.com,2025-09-18 05:09:20
1077,Sula,Airy,sairyr4@biglobe.ne.jp,2025-05-30 09:19:44
1078,Emogene,Woffinden,ewoffindenr5@cdc.gov,2025-06-26 13:48:41
1079,Kassi,Hasnney,khasnneyr6@kickstarter.com,2025-05-11 07:42:44
1080,Frederico,Boick,fboickr7@samsung.com,2025-05-20 21:37:48
1081,Tudor,Torre,ttorrer8@imgur.com,2025-10-01 12:39:03
1082,Fredia,Fidian,ffidianr9@hao123.com,2025-04-05 18:41:08
1083,Valera,Mowatt,vmowattra@dedecms.com,2025-05-19 09:28:29
1084,Viviyan,Cranefield,vcranefieldrb@etsy.com,2026-01-14 11:52:51
1085,Bartholomew,Danilovitch,bdanilovitchrc@ocn.ne.jp,2026-01-13 20:23:00
1086,Gerianna,Dunnan,gdunnanrd@icq.com,2026-03-01 02:08:09
1087,Guinna,Byrde,gbyrdere@independent.co.uk,2025-03-30 03:21:18
1088,Guillemette,Reinbach,greinbachrf@nbcnews.com,2025-10-15 04:32:38
1089,Sander,Chesshire,schesshirerg@japanpost.jp,2025-10-12 04:07:35
1090,Rosmunda,Leates,rleatesrh@umn.edu,2025-12-15 21:35:08
1091,Merrill,MacDonell,mmacdonellri@tuttocitta.it,2025-05-03 14:19:04
1092,Rick,Aguirrezabala,raguirrezabalarj@stanford.edu,2025-05-08 13:03:59
1093,Selia,Searchwell,ssearchwellrk@mysql.com,2026-03-03 18:59:11
1094,Maisie,Devenport,mdevenportrl@alibaba.com,2025-12-02 17:33:40
1095,Derk,Kreuzer,dkreuzerrm@xrea.com,2025-07-06 06:54:41
1096,Adrea,Penhearow,apenhearowrn@japanpost.jp,2025-08-21 05:23:46
1097,Fernanda,Wedgbrow,fwedgbrowro@hao123.com,2025-09-13 23:00:21
1098,Tristam,Draude,tdrauderp@walmart.com,2025-05-02 02:24:48
1099,Leyla,Ivatt,livattrq@gov.uk,2026-02-08 12:16:07
1100,Gae,Coldbath,gcoldbathrr@imageshack.us,2025-04-27 12:47:11
